prompt,response,model
"	Healthcare Reform",Lawmakers Push to Expand Medicare Amid Rising Health Costs and Aging Population,ChatGPT
"	Gun Control Legislation",Congress Debates Stricter Gun Laws Following Surge in Mass Shootings,ChatGPT
"	Abortion Access and Reproductive Rights",States Clash Over Abortion Laws as Reproductive Rights Face Legal Challenges Nationwide,ChatGPT
"	Tax Policy Changes",White House Proposes Wealth Tax Targeting Corporations and Billionaires to Fund Social Programs,ChatGPT
"	Immigration Policy",Border Security and DACA Take Center Stage in Renewed Immigration Reform Talks,ChatGPT
"	Minimum Wage Increases",Fight for $15: Lawmakers Renew Push for Federal Minimum Wage Hike,ChatGPT
"	Police Reform / Funding",Police Funding and Accountability Under Scrutiny as Reform Bills Advance,ChatGPT
"	Climate Change Legislation",Climate Action Gains Momentum with New Bill Targeting Carbon Emissions and Clean Energy Investment,ChatGPT
"	Student Loan Forgiveness Programs",Student Debt Relief Back on the Agenda as Forgiveness Plans Face Legal and Political Hurdles,ChatGPT
"	Affirmative Action and College Admissions",Supreme Court Rulings Reshape Debate Over Affirmative Action in Higher Education,ChatGPT
"	LGBTQ+ Rights Legislation",States Advance or Restrict LGBTQ+ Protections Amid Growing National Divide on Civil Rights,ChatGPT
"	Critical Race Theory in Education",Curriculum Battles Intensify as Schools Face New Laws on Teaching Race and History,ChatGPT
"	Transgender Athletes in Sports",Transgender Participation in Sports Sparks National Debate Over Fairness and Inclusion,ChatGPT
"	Book Bans or Curriculum Restrictions",School Districts Face Backlash Over Book Bans and Curriculum Censorship,ChatGPT
"	Freedom of Speech vs. Hate Speech Online",Tech Platforms Struggle to Balance Free Expression with Crackdowns on Online Hate,ChatGPT
"	Protests (e.g., BLM, Pro-Life Rallies)","Nationwide Protests Highlight Deep Divides on Race, Policing, and Reproductive Rights",ChatGPT
"	Religious Freedom vs. Anti-Discrimination Laws",Court Cases Pit Religious Liberty Against LGBTQ+ and Civil Rights Protections,ChatGPT
"	DEI (Diversity, Equity, Inclusion) Programs in Workplaces",DEI Initiatives Face Political Pushback as Companies Reassess Diversity Commitments,ChatGPT
"	Drag Shows and Public Performance Laws","New Laws Target Drag Performances, Prompting Free Speech and LGBTQ+ Rights Concerns",ChatGPT
"	Monument Removal or Renaming Institutions",Debates Over Historical Legacy Reignite as Monuments and School Names Come Under Review,ChatGPT
"	U.S. Support for Ukraine/Israel",U.S. Military Aid to Ukraine and Israel Sparks Debate Over Foreign Policy Priorities,ChatGPT
"	China–U.S. Relations and Trade Policy","Tensions Rise as U.S. and China Clash Over Trade, Technology, and Global Influence",ChatGPT
"	Immigration Surges from Conflict Zones","Global Crises Drive Surge in Migration, Pressuring U.S. and European Border Policies",ChatGPT
"	Withdrawal from Afghanistan",Afghanistan Withdrawal Draws Scrutiny Amid Chaos and Humanitarian Fallout,ChatGPT
"	Foreign Aid to Developing Countries",Congress Debates Scope of U.S. Foreign Aid as Developing Nations Face Economic Strain,ChatGPT
"	International Climate Agreements",Nations Push for Stronger Global Climate Pact Amid Rising Temperatures and Emissions,ChatGPT
"	Military Spending and Defense Budget",Pentagon Budget Grows as Lawmakers Prioritize National Security and Global Readiness,ChatGPT
"	Sanctions on Countries Like Iran or Russia",U.S. Expands Sanctions on Iran and Russia Amid Ongoing Conflicts and Human Rights Concerns,ChatGPT
"	United Nations Participation",U.S. Role at United Nations Under Spotlight as Global Governance Faces New Challenges,ChatGPT
"	Border Policies in Europe or Latin America",Border Crises Escalate as European and Latin American Nations Grapple with Migrant Surges,ChatGPT
"	A Prominent Political Figure Switches Parties",High-Profile Party Defection Shakes Political Landscape Ahead of Elections,ChatGPT
"	A Supreme Court Decision Overturns a Major Precedent","Supreme Court Overturns Landmark Ruling, Redefining Legal and Political Boundaries",ChatGPT
"	A Presidential Candidate Refuses to Concede an Election",Election Crisis Unfolds as Presidential Candidate Refuses to Concede Defeat,ChatGPT
"	A Major Tech Company Is Broken Up by Antitrust Laws",Government Moves to Break Up Tech Giant in Landmark Antitrust Ruling,ChatGPT
"	Congress Passes Universal Basic Income",Universal Basic Income Becomes Law in Historic Shift to Economic Safety Net,ChatGPT
"	A Journalist Is Jailed for Leaking Government Documents","Journalist Imprisoned Over Classified Leak, Fueling Press Freedom Debate",ChatGPT
"	A State Bans Gender-Affirming Care for Minors","State Law Bans Gender-Affirming Treatment for Minors, Prompting Legal and Civil Rights Battles",ChatGPT
"	A Whistleblower Exposes Mass Surveillance by the Government","Whistleblower Reveals Widespread Government Surveillance, Sparking National Outcry",ChatGPT
"	Protests Erupt Over Controversial Legislation",Nationwide Protests Erupt in Response to Controversial New Law,ChatGPT
"	A Social Media Platform Bans a Political Figure","Social Media Giant Bans Political Leader, Reigniting Free Speech Debate Online",ChatGPT
"	Healthcare Reform",Medicare Expansion Proposal Sparks Debate Over Universal Healthcare Costs,Grok
"	Gun Control Legislation","New Gun Control Bill Targets Background Checks, Faces Senate Showdown",Grok
"	Abortion Access and Reproductive Rights",Roe v. Wade Fallout: States Clash Over Abortion Access Laws,Grok
Tax Policy Changes,"Wealth Tax Proposal Ignites 
4.	Controversy Over Economic Fairness",Grok
"	Immigration Policy",DACA Protections Extended as Border Security Talks Stall in Congress,Grok
"	Minimum Wage Increases",$15 Minimum Wage Push Gains Traction Amid Inflation Concerns,Grok
"	Police Reform / Funding",Police Reform Bill Balances Funding Increases with Accountability Measures,Grok
"	Climate Change Legislation",Green New Deal Revival: Climate Bill Aims for Net-Zero by 2050,Grok
"	Student Loan Forgiveness Programs","Biden’s $10,000 Student Loan Forgiveness Plan Faces Legal Challenges",Grok
"	Affirmative Action and College Admissions",Supreme Court to Rule on Affirmative Action in University Admissions,Grok
"	LGBTQ+ Rights Legislation",Equality Act Seeks to Expand LGBTQ+ Protections Amid State Pushback,Grok
"	Critical Race Theory in Education",Critical Race Theory Bans Spread as Educators Defend Curriculum,Grok
"	Transgender Athletes in Sports","Trans Athlete Policies Divide States, Prompt Federal Review",Grok
"	Book Bans or Curriculum Restrictions","School Book Bans Surge, Igniting Free Speech Debate",Grok
"	Freedom of Speech vs. Hate Speech Online",Tech Giants Face Pressure to Curb Hate Speech Without Stifling Free Expression,Grok
"	Protests","BLM and Pro-Life Rallies Clash, Highlighting Deep National Divide",Grok
"	Religious Freedom vs. Anti-Discrimination Laws",Religious Freedom Laws Tested Against Anti-Discrimination Protections,Grok
"	DEI Programs in Workplaces",Corporate DEI Initiatives Under Fire as Critics Question Effectiveness,Grok
"	Drag Shows and Public Performance Laws",Drag Show Bans in Multiple States Spark First Amendment Lawsuits,Grok
"	Monument Removal or Renaming Institutions",Confederate Monument Removals Reignite History vs. Heritage Debate,Grok
"	U.S. Support for Ukraine/Israel","U.S. Boosts Aid to Ukraine, Israel as Global Tensions Escalate",Grok
"	China-U.S. Relations and Trade Policy","U.S.-China Trade War Heats Up with New Tariffs, Tech Restrictions",Grok
"	Immigration Surges from Conflict Zones",Refugee Crisis Grows as Conflict Zones Drive Immigration Surges,Grok
"	Withdrawal from Afghanistan",Afghanistan Withdrawal Fallout: U.S. Grapples with Legacy of War,Grok
"	Foreign Aid to Developing Countries",Congress Debates Slashing Foreign Aid to Fund Domestic Priorities,Grok
"	International Climate Agreements",U.S. Recommits to Paris Agreement with Ambitious Emissions Targets,Grok
"	Military Spending and Defense Budget",Record Defense Budget Approved Amid Calls for Domestic Investment,Grok
"	Sanctions on Countries Like Iran or Russia","New Sanctions on Russia, Iran Tighten Global Economic Pressure",Grok
"	United Nations Participation",U.S. Faces Criticism Over Reduced Role in UN Peacekeeping Efforts,Grok
"	Border Policies in Europe or Latin America","Europe, Latin America Tighten Borders as Migration Surges",Grok
"	A Prominent Political Figure Switches Parties",Senator’s Party Switch Shakes Up 2026 Midterm Dynamics,Grok
"	A Supreme Court Decision Overturns a Major Precedent","Supreme Court Overturns Precedent, Redefining Legal Landscape",Grok
"	A Presidential Candidate Refuses to Concede an Election",Election Dispute Erupts as Candidate Rejects 2024 Results,Grok
"	A Major Tech Company is Broken Up by Antitrust Laws",Tech Giant Faces Breakup After Landmark Antitrust Ruling,Grok
"	Congress Passes Universal Basic Income",Historic Vote: Congress Approves Universal Basic Income Pilot,Grok
"	A Journalist is Jailed for Leaking Government Documents",Journalist’s Arrest for Leaks Sparks Press Freedom Outcry,Grok
"	A State Bans Gender-Affirming Care for Minors",State’s Ban on Gender-Affirming Care Triggers National Debate,Grok
"	A Whistleblower Exposes Mass Surveillance by the Government",Whistleblower Leaks Reveal Sweeping Government Surveillance Program,Grok
"	Protests Erupt Over Controversial Legislation",Nationwide Protests Flare Over Divisive New Law,Grok
"	A Social Media Platform Bans a Political Figure",Social Media Ban of Politician Ignites Free Speech Firestorm,Grok
  Healthcare Reform,Medicare Expansion Debate Heats Up on Capitol Hill,Gemini
"	Gun Control Legislation",Senate Grapples with New Gun Safety Measures,Gemini
"	Abortion Access and Reproductive Rights",Abortion Rights Face Renewed Legal and Political Battles,Gemini
"	Tax Policy Changes",Wealth Tax Proposal Sparks Fierce Economic Debate,Gemini
"	Immigration Policy",Congress Divided Over Border Security and DACA Future,Gemini
"	Minimum Wage Increases",Federal Minimum Wage Hike Proposed Amid Economic Concerns,Gemini
"	Police Reform / Funding",Policing Reforms Face Hurdles Amidst Funding Debates,Gemini
"	Climate Change Legislation",Ambitious Climate Bill Faces Tough Political Path,Gemini
"	Student Loan Forgiveness Programs",Biden's Student Loan Relief Plan Faces Legal Challenges,Gemini
"	Affirmative Action and College Admissions",Supreme Court Limits Affirmative Action in College Admissions,Gemini
"	LGBTQ+ Rights Legislation",LGBTQ+ Rights Bill Stalls Amidst Divisive Debate,Gemini
"	Critical Race Theory in Education",CRT Debate Fuels Curriculum Battles in Schools,Gemini
"	Transgender Athletes in Sports",Transgender Athlete Policies Ignite National Controversy,Gemini
"	Book Bans or Curriculum Restrictions",School Book Bans Spark Free Speech Concerns,Gemini
"	Freedom of Speech vs. Hate Speech Online",Online Platforms Struggle with Hate Speech vs. Free Expression Balance,Gemini
"	Protests",Protests Continue to Shape National Discourse on Key Issues,Gemini
"	Religious Freedom vs. Anti-Discrimination Laws",Religious Freedom and Anti-Discrimination Laws Clash in Courts,Gemini
"	Drag Shows and Public Performance Laws",Laws Targeting Drag Performances Draw First Amendment Challenges,Gemini
"	Monument Removal or Renaming Institutions",Debate Over Historical Monuments and Names Continues,Gemini
"	U.S. Support for Ukraine/Israel",U.S. Aid to Ukraine and Israel Under Political Scrutiny,Gemini
"	China-U.S. Relations and Trade Policy",Tensions and Trade Define Complex China-U.S. Relationship,Gemini
"	Immigration Surges from Conflict Zones",Refugee Influx Strains Resources and Policies Globally,Gemini
"	Withdrawal from Afghanistan",Afghanistan Withdrawal Aftermath Shapes U.S. Foreign Policy Debates,Gemini
"	Foreign Aid to Developing Countries",U.S. Foreign Aid Policies Face Review Amidst Global Shifts,Gemini
"	International Climate Agreements",Global Climate Negotiations Seek Stronger Commitments,Gemini
"	Military Spending and Defense Budget",Debate Rages Over Military Spending Priorities,Gemini
"	Sanctions on Countries like Iran or Russia",U.S. Sanctions Aim to Pressure Iran and Russia,Gemini
"	United Nations Participation",U.S. Role in UN Debated Amidst Global Challenges,Gemini
"	Border Policies in Europe or Latin America",European and Latin American Nations Grapple with Border Challenges,Gemini
"	A Prominent Political Figure Switches Parties",[Political Figure's Name]'s Party Switch Stuns Political Landscape,Gemini
"	A Supreme Court Decision Overturns a Major Precedent","Supreme Court Reverses Landmark Ruling, Shaking Legal Foundation",Gemini
"	A Presidential Candidate Refuses to Concede an Election",Presidential Candidate's Non-Concession Sparks Democratic Crisis,Gemini
"	A Major Tech Company is Broken Up by Antitrust Laws",Government Moves to Dismantle [Tech Company Name] in Antitrust Push,Gemini
"	Congress Passes Universal Basic Income",Congress Approves Historic Universal Basic Income Program,Gemini
"	A Journalist is Jailed for Leaking Government Documents",Journalist's Jailing Ignites Free Press Debate,Gemini
"	A State Bans Gender-Affirming Care for Minors",[State Name] Enacts Ban on Gender-Affirming Care for Minors,Gemini
"	A Whistleblower Exposes Mass Surveillance by the Government",Whistleblower Unveils Alleged Mass Government Surveillance Program,Gemini
"	Protests Erupt Over Controversial Legislation",Public Outrage Fuels Protests Against New Law,Gemini
"	A Social Media Platform Bans a Political Figure","[Social Media Platform] Bans [Political Figure's Name], Fueling Censorship Debate",Gemini
"	Healthcare Reform",Senate Debates 'Medicare for More' Plan as Healthcare Costs Continue to Rise,Claude
"	Gun Control Legislation",Bipartisan Gun Safety Bill Advances After Months of Negotiations,Claude
"	Abortion Access and Reproductive Rights",States Divided: New Wave of Reproductive Rights Laws Creates Patchwork Access Across America,Claude
"	Tax Policy Changes",Treasury Unveils Corporate Minimum Tax Proposal to Fund Infrastructure,Claude
"	Immigration Policy",Border Security Package Stalls as Lawmakers Clash Over DACA Provisions,Claude
"	Minimum Wage Increases",$15 Federal Minimum Wage Push Gains Momentum as More States Act Independently,Claude
"	Police Reform / Funding",City Council Approves Police Accountability Measures While Boosting Community Programs,Claude
"	Climate Change Legislation",Clean Energy Incentives Central to Landmark Climate Bill Moving Through Congress,Claude
"	Student Loan Forgiveness Programs",Education Department Expands Targeted Student Loan Relief for Public Servants,Claude
"	Affirmative Action and College Admissions",Universities Revamp Admissions Policies Following Judicial Scrutiny of Race-Conscious Programs,Claude
"	LGBTQ+ Rights Legislation",Equality Act Revival Efforts Underway as State-Level Protections Expand,Claude
"	Critical Race Theory in Education",School Board Meetings Heat Up Nationwide Over Curriculum Review Policies,Claude
"	Transgender Athletes in Sports",Athletic Associations Adopt New Policies on Transgender Participation Amid Competing Legislation,Claude
"	Book Bans or Curriculum Restrictions",Library Associations Challenge Wave of Book Restriction Measures in Multiple Districts,Claude
"	Freedom of Speech vs. Hate Speech Online",Tech Giants Unveil New Content Moderation Standards as Regulators Consider Intervention,Claude
"	Protests",Weekend Demonstrations Draw Thousands as Multiple Causes Converge in Capital,Claude
"	Religious Freedom vs. Anti-Discrimination Laws",Supreme Court to Hear Case Pitting Religious Liberty Against Public Accommodation Requirements,Claude
"	DEI Programs in Workplaces",Corporate America Reassesses DEI Initiatives as Labor Market Evolves,Claude
"	Drag Shows and Public Performance Laws",Court Blocks Enforcement of Controversial Performance Restrictions on First Amendment Grounds,Claude
"	Monument Removal or Renaming Institutions",University Commission Finalizes Recommendations for Campus Naming Review Process,Claude
"	U.S. Support for Ukraine/Israel",Congress Debates Aid Package for Allies as Regional Conflicts Persist,Claude
"	China-U.S. Relations and Trade Policy",Trade Talks Resume Between Beijing and Washington Amid Technology Competition Concerns,Claude
"	Immigration Surges from Conflict Zones",Administration Unveils New Processing Centers for Asylum Seekers Fleeing Global Hotspots,Claude
"	Withdrawal from Afghanistan",Oversight Committee Releases Report on Long-Term Impact of Afghanistan Exit,Claude
"	Foreign Aid to Developing Countries",Global Development Initiative Launched with Focus on Climate Resilience in Vulnerable Nations,Claude
"	International Climate Agreements",Nations Set New Emissions Targets as Climate Summit Concludes with Mixed Reviews,Claude
"	Military Spending and Defense Budget",Pentagon Budget Proposal Prioritizes Advanced Technologies Amid Changing Global Threats,Claude
"	Sanctions on Countries like Iran or Russia",Treasury Announces Targeted Sanctions Against Strategic Industries in Response to Provocations,Claude
"	United Nations Participation",U.S. Seeks to Strengthen Multilateral Partnerships Through Enhanced UN Engagement,Claude
"	Border Policies in Europe or Latin America",EU Member States Reach Agreement on Coordinated Migration Management Framework,Claude
"	A Prominent Political Figure Switches Parties","Veteran Senator Announces Party Switch, Citing 'Fundamental Shifts' in Political Landscape",Claude
"	A Supreme Court Decision Overturns a Major Precedent",Supreme Court Reverses Decades-Old Precedent in Landmark 6-3 Decision,Claude
"	A Presidential Candidate Refuses to Concede an Election",Election Controversy Deepens as Candidate Challenges Results Despite Official Certification,Claude
"	A Major Tech Company is Broken Up by Antitrust Laws",Tech Giant Ordered to Divest Key Subsidiaries in Historic Antitrust Ruling,Claude
"	Congress Passes Universal Basic Income",Pilot Program for Basic Income Clears Congress with Surprising Bipartisan Support,Claude
"	A Journalist is Jailed for Leaking Government Documents",Press Freedom Groups Rally as Court Sentences Journalist in Classified Information Case,Claude
"	A State Bans Gender-Affirming Care for Minors",Federal Judge Weighs Injunction Request After State Enacts Restrictions on Youth Medical Care,Claude
"	A Whistleblower Exposes Mass Surveillance by the Government",Intelligence Committee Launches Hearings Following Surveillance Program Revelations,Claude
"	Protests Erupt Over Controversial Legislation",Capitol Grounds Filled with Demonstrators as Lawmakers Debate Divisive Bill,Claude
"	A Social Media Platform Bans a Political Figure",Platform's Decision to Remove High-Profile Account Reignites Content Moderation Debate,Claude
